ind,nom,txt,dat,dah
1,O Lorem Ipsum é,"Lorem Ipsum
O que é o Lorem Ipsum?
O Lorem Ipsum é um texto modelo da indústria tipográfica e de impressão.
O Lorem Ipsum tem vindo a ser o texto padrão usado por estas indústrias desde o ano de 1500, quando uma misturou os caracteres de um texto para criar um espécime de livro.
Este texto não só sobreviveu 5 séculos, mas também o salto para a tipografia electrónica, mantendo-se essencialmente inalterada.
Foi popularizada nos anos 60 com a disponibilização das folhas de Letraset, que continham passagens com Lorem Ipsum, e mais recentemente com os programas de publicação como o Aldus PageMaker que incluíam versões do Lorem Ipsum.",22/08/2026,22/08/2026 11:30:26
2,um texto modelo,"Porque é que o usamos?
É um fato estabelecido de que um leitor é distraído pelo conteúdo legível de uma página quando analisa a sua mancha gráfica.
Logo, o uso de Lorem Ipsum leva a uma distribuição mais ou menos normal de letras, ao contrário do uso de ""Conteúdo aqui, conteúdo aqui"", tornando-o texto legível.
Muitas ferramentas de publicação eletrônica e editores de páginas web usam atualmente o Lorem Ipsum como o modelo de texto usado por omissão, e uma pesquisa por ""lorem ipsum"" irá encontrar muitos websites ainda na sua infância.
Várias versões têm evoluído ao longo dos anos, por vezes por acidente, por vezes propositadamente (como no caso do humor).",22/08/2026,22/08/2026 11:30:26
3,da indústria,"De onde é que ele vem?
Ao contrário da crença popular, o Lorem Ipsum não é simplesmente um texto aleatório.
Tem raízes numa peça de literatura clássica em Latim, de 45 AC, tornando-o com mais de 2000 anos.
Richard McClintock, um professor de Latim no Colégio Hampden-Sydney, na Virgínia, procurou uma das palavras em Latim mais obscuras (consectetur) numa passagem Lorem Ipsum, e atravessando as cidades do mundo na literatura clássica, descobriu a sua origem.
Lorem Ipsum vem das secções 1.10.32 e 1.10.33 do ""de Finibus Bonorum et Malorum"" (Os Extremos do Bem e do Mal), por Cícero, escrito a 45 AC.
Este livro é um tratado na teoria da ética, muito popular durante a Renascença.
A primeira linha de Lorem Ipsum, ""Lorem ipsum dolor sit amet..."" aparece de uma linha na seção 1.10.32.
O pedaço mais habitual do Lorem Ipsum usado desde os anos 1500 é reproduzido abaixo para os interessados.
As secções 1.10.32 e 1.10.33 do ""de Finibus Bonorum et Malorum"" do Cícero também estão reproduzidos na sua forma original, acompanhados pela sua tradução em Inglês, versões da tradução de 1914 por H.
Rackham.",22/08/2026,22/08/2026 11:30:26
4,tipográfica e de,"Onde posso arranjar algum?
Existem muitas variações das passagens de Lorem Ipsum disponíveis, mas a maior parte sofreu alterações de alguma forma, pela injecção de humor, ou de palavras aleatórias que nem sequer parecem suficientemente credíveis.
Se vai usar uma passagem do Lorem Ipsum, deve ter a certeza que não contém nada de embaraçoso escondido no meio do texto.
Todos os geradores de Lorem Ipsum na Internet acabam por repetir porções de texto pré-definido, como necessário, fazendo com que este seja o primeiro verdadeiro gerador na Internet.
Usa um dicionário de 200 palavras em Latim, combinado com uma dúzia de modelos de frases, para gerar Lorem Ipsum que pareçam razoáveis.
Desta forma, o Lorem Ipsum gerado é sempre livre de repetição, ou de injecção humorística, etc.",22/08/2026,22/08/2026 11:30:26
5,impressão. O,"Lorem Ipsum
O que é o Lorem Ipsum?
O Lorem Ipsum é um texto modelo da indústria tipográfica e de impressão.
O Lorem Ipsum tem vindo a ser o texto padrão usado por estas indústrias desde o ano de 1500, quando uma misturou os caracteres de um texto para criar um espécime de livro.
Este texto não só sobreviveu 5 séculos, mas também o salto para a tipografia electrónica, mantendo-se essencialmente inalterada.
Foi popularizada nos anos 60 com a disponibilização das folhas de Letraset, que continham passagens com Lorem Ipsum, e mais recentemente com os programas de publicação como o Aldus PageMaker que incluíam versões do Lorem Ipsum.",22/08/2026,22/08/2026 11:30:26
6,Lorem Ipsum tem,"Porque é que o usamos?
É um fato estabelecido de que um leitor é distraído pelo conteúdo legível de uma página quando analisa a sua mancha gráfica.
Logo, o uso de Lorem Ipsum leva a uma distribuição mais ou menos normal de letras, ao contrário do uso de ""Conteúdo aqui, conteúdo aqui"", tornando-o texto legível.
Muitas ferramentas de publicação eletrônica e editores de páginas web usam atualmente o Lorem Ipsum como o modelo de texto usado por omissão, e uma pesquisa por ""lorem ipsum"" irá encontrar muitos websites ainda na sua infância.
Várias versões têm evoluído ao longo dos anos, por vezes por acidente, por vezes propositadamente (como no caso do humor).",22/08/2026,22/08/2026 11:30:26
7,vindo a ser o,"De onde é que ele vem?
Ao contrário da crença popular, o Lorem Ipsum não é simplesmente um texto aleatório.
Tem raízes numa peça de literatura clássica em Latim, de 45 AC, tornando-o com mais de 2000 anos.
Richard McClintock, um professor de Latim no Colégio Hampden-Sydney, na Virgínia, procurou uma das palavras em Latim mais obscuras (consectetur) numa passagem Lorem Ipsum, e atravessando as cidades do mundo na literatura clássica, descobriu a sua origem.
Lorem Ipsum vem das secções 1.10.32 e 1.10.33 do ""de Finibus Bonorum et Malorum"" (Os Extremos do Bem e do Mal), por Cícero, escrito a 45 AC.
Este livro é um tratado na teoria da ética, muito popular durante a Renascença.
A primeira linha de Lorem Ipsum, ""Lorem ipsum dolor sit amet..."" aparece de uma linha na seção 1.10.32.
O pedaço mais habitual do Lorem Ipsum usado desde os anos 1500 é reproduzido abaixo para os interessados.
As secções 1.10.32 e 1.10.33 do ""de Finibus Bonorum et Malorum"" do Cícero também estão reproduzidos na sua forma original, acompanhados pela sua tradução em Inglês, versões da tradução de 1914 por H.
Rackham.",22/08/2026,22/08/2026 11:30:26
8,texto padrão,"Onde posso arranjar algum?
Existem muitas variações das passagens de Lorem Ipsum disponíveis, mas a maior parte sofreu alterações de alguma forma, pela injecção de humor, ou de palavras aleatórias que nem sequer parecem suficientemente credíveis.
Se vai usar uma passagem do Lorem Ipsum, deve ter a certeza que não contém nada de embaraçoso escondido no meio do texto.
Todos os geradores de Lorem Ipsum na Internet acabam por repetir porções de texto pré-definido, como necessário, fazendo com que este seja o primeiro verdadeiro gerador na Internet.
Usa um dicionário de 200 palavras em Latim, combinado com uma dúzia de modelos de frases, para gerar Lorem Ipsum que pareçam razoáveis.
Desta forma, o Lorem Ipsum gerado é sempre livre de repetição, ou de injecção humorística, etc.",22/08/2026,22/08/2026 11:30:26
9,usado por estas,"Lorem Ipsum
O que é o Lorem Ipsum?
O Lorem Ipsum é um texto modelo da indústria tipográfica e de impressão.
O Lorem Ipsum tem vindo a ser o texto padrão usado por estas indústrias desde o ano de 1500, quando uma misturou os caracteres de um texto para criar um espécime de livro.
Este texto não só sobreviveu 5 séculos, mas também o salto para a tipografia electrónica, mantendo-se essencialmente inalterada.
Foi popularizada nos anos 60 com a disponibilização das folhas de Letraset, que continham passagens com Lorem Ipsum, e mais recentemente com os programas de publicação como o Aldus PageMaker que incluíam versões do Lorem Ipsum.",22/08/2026,22/08/2026 11:30:26
10,indústrias desde,"Porque é que o usamos?
É um fato estabelecido de que um leitor é distraído pelo conteúdo legível de uma página quando analisa a sua mancha gráfica.
Logo, o uso de Lorem Ipsum leva a uma distribuição mais ou menos normal de letras, ao contrário do uso de ""Conteúdo aqui, conteúdo aqui"", tornando-o texto legível.
Muitas ferramentas de publicação eletrônica e editores de páginas web usam atualmente o Lorem Ipsum como o modelo de texto usado por omissão, e uma pesquisa por ""lorem ipsum"" irá encontrar muitos websites ainda na sua infância.
Várias versões têm evoluído ao longo dos anos, por vezes por acidente, por vezes propositadamente (como no caso do humor).",22/08/2026,22/08/2026 11:30:26
11,"o ano de 1500,","De onde é que ele vem?
Ao contrário da crença popular, o Lorem Ipsum não é simplesmente um texto aleatório.
Tem raízes numa peça de literatura clássica em Latim, de 45 AC, tornando-o com mais de 2000 anos.
Richard McClintock, um professor de Latim no Colégio Hampden-Sydney, na Virgínia, procurou uma das palavras em Latim mais obscuras (consectetur) numa passagem Lorem Ipsum, e atravessando as cidades do mundo na literatura clássica, descobriu a sua origem.
Lorem Ipsum vem das secções 1.10.32 e 1.10.33 do ""de Finibus Bonorum et Malorum"" (Os Extremos do Bem e do Mal), por Cícero, escrito a 45 AC.
Este livro é um tratado na teoria da ética, muito popular durante a Renascença.
A primeira linha de Lorem Ipsum, ""Lorem ipsum dolor sit amet..."" aparece de uma linha na seção 1.10.32.
O pedaço mais habitual do Lorem Ipsum usado desde os anos 1500 é reproduzido abaixo para os interessados.
As secções 1.10.32 e 1.10.33 do ""de Finibus Bonorum et Malorum"" do Cícero também estão reproduzidos na sua forma original, acompanhados pela sua tradução em Inglês, versões da tradução de 1914 por H.
Rackham.",22/08/2026,22/08/2026 11:30:26
12,quando uma,"Onde posso arranjar algum?
Existem muitas variações das passagens de Lorem Ipsum disponíveis, mas a maior parte sofreu alterações de alguma forma, pela injecção de humor, ou de palavras aleatórias que nem sequer parecem suficientemente credíveis.
Se vai usar uma passagem do Lorem Ipsum, deve ter a certeza que não contém nada de embaraçoso escondido no meio do texto.
Todos os geradores de Lorem Ipsum na Internet acabam por repetir porções de texto pré-definido, como necessário, fazendo com que este seja o primeiro verdadeiro gerador na Internet.
Usa um dicionário de 200 palavras em Latim, combinado com uma dúzia de modelos de frases, para gerar Lorem Ipsum que pareçam razoáveis.
Desta forma, o Lorem Ipsum gerado é sempre livre de repetição, ou de injecção humorística, etc.",22/08/2026,22/08/2026 11:30:26
13,misturou os,"Lorem Ipsum
O que é o Lorem Ipsum?
O Lorem Ipsum é um texto modelo da indústria tipográfica e de impressão.
O Lorem Ipsum tem vindo a ser o texto padrão usado por estas indústrias desde o ano de 1500, quando uma misturou os caracteres de um texto para criar um espécime de livro.
Este texto não só sobreviveu 5 séculos, mas também o salto para a tipografia electrónica, mantendo-se essencialmente inalterada.
Foi popularizada nos anos 60 com a disponibilização das folhas de Letraset, que continham passagens com Lorem Ipsum, e mais recentemente com os programas de publicação como o Aldus PageMaker que incluíam versões do Lorem Ipsum.",22/08/2026,22/08/2026 11:30:26
14,caracteres de um,"Porque é que o usamos?
É um fato estabelecido de que um leitor é distraído pelo conteúdo legível de uma página quando analisa a sua mancha gráfica.
Logo, o uso de Lorem Ipsum leva a uma distribuição mais ou menos normal de letras, ao contrário do uso de ""Conteúdo aqui, conteúdo aqui"", tornando-o texto legível.
Muitas ferramentas de publicação eletrônica e editores de páginas web usam atualmente o Lorem Ipsum como o modelo de texto usado por omissão, e uma pesquisa por ""lorem ipsum"" irá encontrar muitos websites ainda na sua infância.
Várias versões têm evoluído ao longo dos anos, por vezes por acidente, por vezes propositadamente (como no caso do humor).",22/08/2026,22/08/2026 11:30:26
15,texto para criar,"De onde é que ele vem?
Ao contrário da crença popular, o Lorem Ipsum não é simplesmente um texto aleatório.
Tem raízes numa peça de literatura clássica em Latim, de 45 AC, tornando-o com mais de 2000 anos.
Richard McClintock, um professor de Latim no Colégio Hampden-Sydney, na Virgínia, procurou uma das palavras em Latim mais obscuras (consectetur) numa passagem Lorem Ipsum, e atravessando as cidades do mundo na literatura clássica, descobriu a sua origem.
Lorem Ipsum vem das secções 1.10.32 e 1.10.33 do ""de Finibus Bonorum et Malorum"" (Os Extremos do Bem e do Mal), por Cícero, escrito a 45 AC.
Este livro é um tratado na teoria da ética, muito popular durante a Renascença.
A primeira linha de Lorem Ipsum, ""Lorem ipsum dolor sit amet..."" aparece de uma linha na seção 1.10.32.
O pedaço mais habitual do Lorem Ipsum usado desde os anos 1500 é reproduzido abaixo para os interessados.
As secções 1.10.32 e 1.10.33 do ""de Finibus Bonorum et Malorum"" do Cícero também estão reproduzidos na sua forma original, acompanhados pela sua tradução em Inglês, versões da tradução de 1914 por H.
Rackham.",22/08/2026,22/08/2026 11:30:26
16,um espécime de,"Onde posso arranjar algum?
Existem muitas variações das passagens de Lorem Ipsum disponíveis, mas a maior parte sofreu alterações de alguma forma, pela injecção de humor, ou de palavras aleatórias que nem sequer parecem suficientemente credíveis.
Se vai usar uma passagem do Lorem Ipsum, deve ter a certeza que não contém nada de embaraçoso escondido no meio do texto.
Todos os geradores de Lorem Ipsum na Internet acabam por repetir porções de texto pré-definido, como necessário, fazendo com que este seja o primeiro verdadeiro gerador na Internet.
Usa um dicionário de 200 palavras em Latim, combinado com uma dúzia de modelos de frases, para gerar Lorem Ipsum que pareçam razoáveis.
Desta forma, o Lorem Ipsum gerado é sempre livre de repetição, ou de injecção humorística, etc.",22/08/2026,22/08/2026 11:30:26
17,livro. Este texto,"Lorem Ipsum
O que é o Lorem Ipsum?
O Lorem Ipsum é um texto modelo da indústria tipográfica e de impressão.
O Lorem Ipsum tem vindo a ser o texto padrão usado por estas indústrias desde o ano de 1500, quando uma misturou os caracteres de um texto para criar um espécime de livro.
Este texto não só sobreviveu 5 séculos, mas também o salto para a tipografia electrónica, mantendo-se essencialmente inalterada.
Foi popularizada nos anos 60 com a disponibilização das folhas de Letraset, que continham passagens com Lorem Ipsum, e mais recentemente com os programas de publicação como o Aldus PageMaker que incluíam versões do Lorem Ipsum.",22/08/2026,22/08/2026 11:30:26
18,não só sobreviveu,"Porque é que o usamos?
É um fato estabelecido de que um leitor é distraído pelo conteúdo legível de uma página quando analisa a sua mancha gráfica.
Logo, o uso de Lorem Ipsum leva a uma distribuição mais ou menos normal de letras, ao contrário do uso de ""Conteúdo aqui, conteúdo aqui"", tornando-o texto legível.
Muitas ferramentas de publicação eletrônica e editores de páginas web usam atualmente o Lorem Ipsum como o modelo de texto usado por omissão, e uma pesquisa por ""lorem ipsum"" irá encontrar muitos websites ainda na sua infância.
Várias versões têm evoluído ao longo dos anos, por vezes por acidente, por vezes propositadamente (como no caso do humor).",22/08/2026,22/08/2026 11:30:26
19,"5 séculos, mas","De onde é que ele vem?
Ao contrário da crença popular, o Lorem Ipsum não é simplesmente um texto aleatório.
Tem raízes numa peça de literatura clássica em Latim, de 45 AC, tornando-o com mais de 2000 anos.
Richard McClintock, um professor de Latim no Colégio Hampden-Sydney, na Virgínia, procurou uma das palavras em Latim mais obscuras (consectetur) numa passagem Lorem Ipsum, e atravessando as cidades do mundo na literatura clássica, descobriu a sua origem.
Lorem Ipsum vem das secções 1.10.32 e 1.10.33 do ""de Finibus Bonorum et Malorum"" (Os Extremos do Bem e do Mal), por Cícero, escrito a 45 AC.
Este livro é um tratado na teoria da ética, muito popular durante a Renascença.
A primeira linha de Lorem Ipsum, ""Lorem ipsum dolor sit amet..."" aparece de uma linha na seção 1.10.32.
O pedaço mais habitual do Lorem Ipsum usado desde os anos 1500 é reproduzido abaixo para os interessados.
As secções 1.10.32 e 1.10.33 do ""de Finibus Bonorum et Malorum"" do Cícero também estão reproduzidos na sua forma original, acompanhados pela sua tradução em Inglês, versões da tradução de 1914 por H.
Rackham.",22/08/2026,22/08/2026 11:30:26
20,também o salto,"Onde posso arranjar algum?
Existem muitas variações das passagens de Lorem Ipsum disponíveis, mas a maior parte sofreu alterações de alguma forma, pela injecção de humor, ou de palavras aleatórias que nem sequer parecem suficientemente credíveis.
Se vai usar uma passagem do Lorem Ipsum, deve ter a certeza que não contém nada de embaraçoso escondido no meio do texto.
Todos os geradores de Lorem Ipsum na Internet acabam por repetir porções de texto pré-definido, como necessário, fazendo com que este seja o primeiro verdadeiro gerador na Internet.
Usa um dicionário de 200 palavras em Latim, combinado com uma dúzia de modelos de frases, para gerar Lorem Ipsum que pareçam razoáveis.
Desta forma, o Lorem Ipsum gerado é sempre livre de repetição, ou de injecção humorística, etc.",22/08/2026,22/08/2026 11:30:26